,Unnamed: 0,Title,Year,Rating,Link,Budget,Gross,Net,Date,Month
0,1,Paranormal Activity,2007,6.3,/title/tt1179904/,15000.0,193355800.0,193340800.0,2009-10-16,10.0
1,16,The Oxford Murders,2008,6.1,/title/tt0488604/,10000000.0,17646627.0,7646627.0,2010-07-02,7.0
2,43,The Echo (I),2008,5.5,/title/tt0897347/,5000000.0,1508127.0,-3491873.0,2009-05-28,5.0
3,51,Hush (V),2008,6.0,/title/tt1093369/,1210000.0,288667.0,-921333.0,2009-03-13,3.0
4,53,Autopsy,2008,5.0,/title/tt0443435/,2000000.0,115800.0,-1884200.0,2009-06-25,6.0
5,57,Pontypool,2008,6.5,/title/tt1226681/,950000.0,32118.0,-917882.0,2009-09-18,9.0
6,63,I Sell the Dead,2008,6.0,/title/tt0902290/,750000.0,8050.0,-741950.0,2009-01-16,1.0
7,75,Kill Theory,2009,5.3,/title/tt0893532/,6000000.0,397941.0,-5602059.0,2009-01-08,1.0
8,76,My Bloody Valentine,2009,5.4,/title/tt1179891/,15000000.0,100734718.0,85734718.0,2009-01-16,1.0
9,77,The Unborn,2009,4.7,/title/tt1139668/,16000000.0,76514050.0,60514050.0,2009-01-09,1.0
10,78,Dead Snow,2009,6.3,/title/tt1278340/,800000.0,2166797.0,1366797.0,2009-01-09,1.0
11,79,Grace (III),2009,5.2,/title/tt1220213/,5000000.0,8297.0,-4991703.0,2009-09-15,9.0
12,82,Friday the 13th,2009,5.5,/title/tt0758746/,19000000.0,91509154.0,72509154.0,2009-02-13,2.0
13,83,Walled In,2009,4.7,/title/tt1104006/,6000000.0,270888.0,-5729112.0,2009-06-19,6.0
14,85,Book of Blood,2009,5.2,/title/tt1169809/,6000000.0,567723.0,-5432277.0,2009-05-08,5.0
15,86,The Last House on the Left,2009,6.5,/title/tt0844708/,15000000.0,45995223.0,30995223.0,2009-03-13,3.0
16,87,Drag Me to Hell,2009,6.6,/title/tt1127180/,30000000.0,90842646.0,60842646.0,2009-05-29,5.0
17,90,The Haunting in Connecticut,2009,5.8,/title/tt0492044/,10000000.0,77578320.0,67578320.0,2009-03-27,3.0
18,91,Blood: The Last Vampire,2009,5.2,/title/tt0806027/,30000000.0,5874530.0,-24125470.0,2009-06-04,6.0
19,93,Tell Tale,2009,5.4,/title/tt1135095/,12000000.0,367586.0,-11632414.0,2009-12-31,12.0
20,94,The House of the Devil,2009,6.3,/title/tt1172994/,900000.0,101215.0,-798785.0,2009-04-25,4.0
21,95,Thirst,2009,7.1,/title/tt0762073/,5000000.0,13085023.0,8085023.0,2009-04-30,4.0
22,96,The Grudge 3,2009,4.6,/title/tt1053859/,5000000.0,1869127.0,-3130873.0,2009-06-02,6.0
23,98,Don't Look Back,2009,5.8,/title/tt1075113/,13520000.0,2651917.0,-10868083.0,2009-06-03,6.0
24,99,Antichrist,2009,6.5,/title/tt0870984/,11000000.0,7413863.0,-3586137.0,2009-05-20,5.0
25,100,Tormented (I),2009,5.1,/title/tt1100053/,847000.0,1362653.0,515653.0,2009-05-22,5.0
26,101,The Devil's Tomb,2009,3.7,/title/tt1147687/,10000000.0,220925.0,-9779075.0,2009-10-24,10.0
27,103,Doghouse,2009,6.0,/title/tt1023500/,4000000.0,179836.0,-3820164.0,2009-06-12,6.0
28,104,High Lane,2009,5.6,/title/tt1433562/,2464800.0,2141798.0,-323002.0,2009-06-24,6.0
29,106,Infestation,2009,5.8,/title/tt1020543/,3500000.0,36756.0,-3463244.0,2009-11-28,11.0
30,109,Orphan,2009,7.0,/title/tt1148204/,20000000.0,77912251.0,57912251.0,2009-07-24,7.0
31,110,The Collector (I),2009,6.3,/title/tt0844479/,6000000.0,10234475.0,4234475.0,2009-07-31,7.0
32,111,Case 39,2009,6.2,/title/tt0795351/,26000000.0,28190603.0,2190603.0,2010-10-01,10.0
33,116,The Final Destination,2009,5.1,/title/tt1144884/,40000000.0,186167139.0,146167139.0,2009-08-28,8.0
34,118,Halloween II,2009,4.8,/title/tt1311067/,15000000.0,39421467.0,24421467.0,2009-08-28,8.0
35,120,Night of the Demons,2009,4.6,/title/tt1268809/,10000000.0,64040.0,-9935960.0,2011-05-26,5.0
36,121,The Human Centipede (First Sequence),2009,4.4,/title/tt1467304/,1560000.0,325113.0,-1234887.0,2010-04-28,4.0
37,122,Heartless (I),2009,5.9,/title/tt1220214/,5000000.0,20435.0,-4979565.0,2010-11-19,11.0
38,123,[Rec]Â²,2009,6.5,/title/tt1245112/,5600000.0,18853164.0,13253164.0,2009-10-02,10.0
39,124,Survival of the Dead,2009,4.8,/title/tt1134854/,4000000.0,386078.0,-3613922.0,2010-05-06,5.0
40,125,Sorority Row,2009,5.1,/title/tt1232783/,12500000.0,27206120.0,14706120.0,2009-09-11,9.0
41,126,Jennifer's Body,2009,5.4,/title/tt1131734/,16000000.0,31556061.0,15556061.0,2009-09-18,9.0
42,127,Daybreakers,2009,6.4,/title/tt0433362/,20000000.0,51417188.0,31417188.0,2010-01-08,1.0
43,129,Solomon Kane,2009,6.1,/title/tt0970452/,45000000.0,19652185.0,-25347815.0,2012-08-24,8.0
44,132,Zombieland,2009,7.6,/title/tt1156398/,23600000.0,102392080.0,78792080.0,2009-10-02,10.0
45,133,Pandorum,2009,6.7,/title/tt1188729/,33000000.0,20648328.0,-12351672.0,2009-09-25,9.0
46,136,Splice,2009,5.8,/title/tt1017460/,30000000.0,27127620.0,-2872380.0,2010-06-04,6.0
47,137,Where the Wild Things Are,2009,6.7,/title/tt0386117/,100000000.0,100140916.0,140916.0,2009-10-16,10.0
48,139,Saw VI,2009,6.0,/title/tt1233227/,11000000.0,68234154.0,57234154.0,2009-10-23,10.0
49,140,The Fourth Kind,2009,5.9,/title/tt1220198/,10000000.0,47719794.0,37719794.0,2009-11-06,11.0
50,142,The New Daughter,2009,5.3,/title/tt0951335/,15000000.0,579626.0,-14420374.0,2010-10-07,10.0
51,144,Legion,2010,5.2,/title/tt1038686/,26000000.0,67918658.0,41918658.0,2010-01-22,1.0
52,145,7 Days,2010,6.5,/title/tt0445054/,2550000.0,1259.0,-2548741.0,2010-11-12,11.0
53,149,The Wolfman,2010,5.8,/title/tt0780653/,150000000.0,139789765.0,-10210235.0,2010-02-12,2.0
54,150,The Final (I),2010,5.3,/title/tt1390535/,1000000.0,28491.0,-971509.0,2013-02-07,2.0
55,152,The Crazies,2010,6.5,/title/tt0455407/,20000000.0,54806823.0,34806823.0,2010-02-26,2.0
56,155,6 Souls,2010,6.0,/title/tt1179069/,22000000.0,3205167.0,-18794833.0,2013-03-01,3.0
57,157,A Nightmare on Elm Street,2010,5.2,/title/tt1179056/,35000000.0,115695182.0,80695182.0,2010-04-30,4.0
58,158,I Spit on Your Grave,2010,6.2,/title/tt1242432/,2000000.0,1278650.0,-721350.0,2010-06-17,6.0
59,160,Bedevilled,2010,7.3,/title/tt1646959/,700000.0,1129687.0,429687.0,2010-09-02,9.0
60,161,Rubber,2010,5.7,/title/tt1612774/,500000.0,101729.0,-398271.0,2010-11-10,11.0
61,162,La casa muda,2010,5.3,/title/tt1646973/,6000.0,1149327.0,1143327.0,2011-03-04,3.0
62,165,The Last Exorcism,2010,5.7,/title/tt1320244/,1800000.0,69432527.0,67632527.0,2010-08-27,8.0
63,166,Bereavement,2010,5.0,/title/tt1100051/,3600000.0,43712.0,-3556288.0,2010-07-16,7.0
64,168,The Shrine,2010,5.5,/title/tt1341710/,1125000.0,102344.0,-1022656.0,2010-10-14,10.0
65,169,Rare Exports,2010,6.6,/title/tt1401143/,2025920.0,4087363.0,2061443.0,2010-12-03,12.0
66,171,Vampires Suck,2010,3.4,/title/tt1666186/,20000000.0,80547866.0,60547866.0,2010-08-18,8.0
67,172,Piranha 3D,2010,5.5,/title/tt0464154/,24000000.0,83188165.0,59188165.0,2010-08-20,8.0
68,176,The Tortured,2010,5.4,/title/tt1017464/,8500000.0,319421.0,-8180579.0,2012-09-28,9.0
69,178,Resident Evil: Afterlife,2010,5.8,/title/tt1220634/,60000000.0,300228084.0,240228084.0,2010-09-10,9.0
70,179,The Last Circus,2010,6.5,/title/tt1572491/,7280000.0,3604598.0,-3675402.0,2010-12-17,12.0
71,180,Los ojos de Julia,2010,6.7,/title/tt1512685/,5200000.0,16934369.0,11734369.0,2010-10-29,10.0
72,181,Vanishing on 7th Street,2010,4.9,/title/tt1452628/,10000000.0,1671196.0,-8328804.0,2011-02-05,2.0
73,182,Let Me In (I),2010,7.1,/title/tt1228987/,20000000.0,27093592.0,7093592.0,2010-10-01,10.0
74,183,The Ward,2010,5.5,/title/tt1369706/,10000000.0,5343820.0,-4656180.0,2011-07-08,7.0
75,184,Insidious (I),2010,6.8,/title/tt1591095/,1500000.0,100106454.0,98606454.0,2011-04-01,4.0
76,185,Devil,2010,6.3,/title/tt1314655/,10000000.0,62695489.0,52695489.0,2010-09-17,9.0
77,186,Stake Land,2010,6.4,/title/tt1464580/,650000.0,405380.0,-244620.0,2011-06-17,6.0
78,187,Chain Letter,2010,4.1,/title/tt1148200/,3000000.0,855185.0,-2144815.0,2010-11-11,11.0
79,188,Mother's Day (I),2010,6.2,/title/tt1434435/,11000000.0,863044.0,-10136956.0,2011-05-05,5.0
80,191,My Soul to Take,2010,4.7,/title/tt0872230/,25000000.0,21500813.0,-3499187.0,2010-10-08,10.0
81,192,We Are the Night,2010,6.2,/title/tt1692504/,6760000.0,2405336.0,-4354664.0,2010-10-28,10.0
82,194,Paranormal Activity 2,2010,5.7,/title/tt1536044/,3000000.0,177512032.0,174512032.0,2010-10-22,10.0
83,195,Saw 3D,2010,5.5,/title/tt1477076/,20000000.0,136151680.0,116151680.0,2010-10-29,10.0
84,196,Trollhunter,2010,6.9,/title/tt1740707/,1990000.0,5341098.0,3351098.0,2010-10-29,10.0
85,198,Don't Be Afraid of the Dark,2010,5.5,/title/tt1270761/,25000000.0,38269529.0,13269529.0,2011-08-26,8.0
86,201,Gantz,2010,6.4,/title/tt1525835/,22000000.0,40568961.0,18568961.0,2011-01-29,1.0
87,202,Beyond the Black Rainbow,2010,5.9,/title/tt1534085/,825000.0,56491.0,-768509.0,2011-04-22,4.0
88,204,Dylan Dog: Dead of Night,2010,5.1,/title/tt1013860/,20000000.0,5782515.0,-14217485.0,2011-04-29,4.0
89,205,Hobo with a Shotgun,2011,6.1,/title/tt1640459/,3000000.0,748453.0,-2251547.0,2011-05-12,5.0
90,206,Silent House,2011,5.2,/title/tt1767382/,2000000.0,16527747.0,14527747.0,2012-03-09,3.0
91,207,Red State,2011,6.1,/title/tt0873886/,4000000.0,1874460.0,-2125540.0,2011-09-30,9.0
92,209,Take Shelter,2011,7.3,/title/tt1675192/,5000000.0,3741098.0,-1258902.0,2011-11-10,11.0
93,210,The Rite,2011,6.0,/title/tt1161864/,37000000.0,96560591.0,59560591.0,2011-01-28,1.0
94,214,The Roommate (I),2011,4.8,/title/tt1265990/,16000000.0,40492652.0,24492652.0,2011-02-04,2.0
95,215,The Resident,2011,5.3,/title/tt1334102/,20000000.0,6742156.0,-13257844.0,2011-03-11,3.0
96,216,Absentia (I),2011,5.8,/title/tt1610996/,70000.0,8555.0,-61445.0,2013-04-11,4.0
97,217,Red Riding Hood,2011,5.4,/title/tt1486185/,42000000.0,90260376.0,48260376.0,2011-03-11,3.0
98,218,The Innkeepers,2011,5.5,/title/tt1594562/,750000.0,1178831.0,428831.0,2011-03-12,3.0
99,219,Kill List,2011,6.4,/title/tt1788391/,605000.0,450275.0,-154725.0,2011-09-02,9.0
100,220,The Divide,2011,5.8,/title/tt1535616/,3000000.0,145676.0,-2854324.0,2012-04-20,4.0
101,223,Scream 4,2011,6.2,/title/tt1262416/,40000000.0,97231420.0,57231420.0,2011-04-15,4.0
102,225,Grave Encounters,2011,6.1,/title/tt1703199/,75000.0,4055919.0,3980919.0,2011-09-09,9.0
103,226,Priest,2011,5.7,/title/tt0822847/,60000000.0,78309505.0,18309505.0,2011-05-13,5.0
104,231,The Skin I Live In,2011,7.6,/title/tt1189073/,10403030.56,33716389.0,23313358.44,2011-09-02,9.0
105,232,The Tunnel (I),2011,5.8,/title/tt1735485/,135000.0,1532.0,-133468.0,2011-05-19,5.0
106,237,Final Destination 5,2011,5.9,/title/tt1622979/,40000000.0,157887643.0,117887643.0,2011-08-12,8.0
107,238,Fright Night,2011,6.4,/title/tt1438176/,30000000.0,41002607.0,11002607.0,2011-08-19,8.0
108,241,Inbred,2011,5.3,/title/tt1723124/,1512500.0,24.0,-1512476.0,2012-09-21,9.0
109,242,Shark Night,2011,4.0,/title/tt1633356/,25000000.0,41363927.0,16363927.0,2011-09-02,9.0
110,243,Apollo 18,2011,5.2,/title/tt1772240/,5000000.0,26236153.0,21236153.0,2011-09-02,9.0
111,247,You're Next,2011,6.6,/title/tt1853739/,1000000.0,26895481.0,25895481.0,2013-08-23,8.0
112,249,Twixt,2011,4.7,/title/tt1756851/,7000000.0,647839.0,-6352161.0,2012-04-11,4.0
113,250,Intruders (I),2011,5.4,/title/tt1634121/,10400000.0,5486559.0,-4913441.0,2011-10-07,10.0
114,251,Lovely Molly,2011,5.3,/title/tt1707392/,1000000.0,638274.0,-361726.0,2012-06-29,6.0
115,252,The Awakening (I),2011,6.4,/title/tt1687901/,3630000.0,6879667.0,3249667.0,2011-11-11,11.0
116,254,The Hidden Face,2011,7.3,/title/tt1772250/,2600000.0,6318409.0,3718409.0,2011-09-16,9.0
117,256,Sleep Tight,2011,7.2,/title/tt1437358/,5000000.0,8791590.0,3791590.0,2011-10-14,10.0
118,257,The Monitor,2011,5.7,/title/tt1595833/,2500000.0,1417397.0,-1082603.0,2011-10-07,10.0
119,258,The Thing (I),2011,6.2,/title/tt0905372/,38000000.0,31505287.0,-6494713.0,2011-10-14,10.0
120,260,Paranormal Activity 3,2011,5.8,/title/tt1778304/,5000000.0,207039844.0,202039844.0,2011-10-21,10.0
121,261,Beneath the Darkness,2011,4.5,/title/tt1781775/,7300000.0,23998.0,-7276002.0,2012-03-22,3.0
122,263,The Cabin in the Woods,2011,7.0,/title/tt1259521/,30000000.0,70038838.0,40038838.0,2012-04-13,4.0
123,264,The Darkest Hour,2011,4.9,/title/tt1093357/,30000000.0,64626786.0,34626786.0,2011-12-25,12.0
124,265,The Devil Inside,2012,4.2,/title/tt1560985/,1000000.0,101758490.0,100758490.0,2012-01-06,1.0
125,267,Elevator (V),2012,5.3,/title/tt1728975/,200000.0,14221.0,-185779.0,2012-01-20,1.0
126,268,Underworld: Awakening,2012,6.3,/title/tt1496025/,70000000.0,160112671.0,90112671.0,2012-01-20,1.0
127,269,The Pact (II),2012,5.7,/title/tt2040560/,400000.0,5664404.0,5264404.0,2012-06-08,6.0
128,272,V/H/S,2012,5.8,/title/tt2105044/,242000.0,1944287.0,1702287.0,2012-09-06,9.0
129,273,Grabbers,2012,6.3,/title/tt1525366/,4840000.0,427335.0,-4412665.0,2012-08-10,8.0
130,275,The Woman in Black,2012,6.4,/title/tt1596365/,17000000.0,128955898.0,111955898.0,2012-02-03,2.0
131,276,Thale,2012,5.5,/title/tt2112287/,1200000.0,296500.0,-903500.0,2012-02-17,2.0
132,278,ATM (I),2012,4.7,/title/tt1603257/,3000000.0,921752.0,-2078248.0,2012-03-02,3.0
133,279,[REC] 3: Genesis,2012,5.0,/title/tt1649444/,6400000.0,11019975.0,4619975.0,2012-03-30,3.0
134,281,Sinister (I),2012,6.8,/title/tt1922777/,3000000.0,82515113.0,79515113.0,2012-10-12,10.0
135,283,The Tall Man,2012,5.9,/title/tt1658837/,15600000.0,7462847.0,-8137153.0,2012-09-05,9.0
136,284,In Their Skin,2012,5.3,/title/tt1790869/,4000000.0,106919.0,-3893081.0,2012-11-09,11.0
137,287,Dark Shadows,2012,6.2,/title/tt1077368/,150000000.0,245527149.0,95527149.0,2012-05-11,5.0
138,288,Piranha 3DD,2012,3.8,/title/tt1714203/,5000000.0,8518634.0,3518634.0,2012-05-11,5.0
139,289,Antiviral,2012,5.7,/title/tt2099556/,2400000.0,61808.0,-2338192.0,2013-02-13,2.0
140,291,Sightseers,2012,6.5,/title/tt2023690/,1573000.0,2122909.0,549909.0,2013-05-10,5.0
141,292,Chernobyl Diaries,2012,5.0,/title/tt1991245/,1000000.0,38390020.0,37390020.0,2012-05-25,5.0
142,293,Maniac,2012,6.1,/title/tt2103217/,6000000.0,2631275.0,-3368725.0,2013-01-02,1.0
143,294,A Fantastic Fear of Everything,2012,5.8,/title/tt2006040/,1815000.0,96948.0,-1718052.0,2012-06-08,6.0
144,295,Abraham Lincoln: Vampire Hunter,2012,5.9,/title/tt1611224/,69000000.0,116471580.0,47471580.0,2012-06-22,6.0
145,300,Truth or Die (II),2012,5.6,/title/tt1838722/,1000000.0,2504058.0,1504058.0,2012-08-06,8.0
146,303,The Apparition,2012,4.1,/title/tt1433822/,17000000.0,11350665.0,-5649335.0,2012-08-24,8.0
147,305,Universal Soldier: Day of Reckoning,2012,5.0,/title/tt1659343/,10000000.0,1402307.0,-8597693.0,2012-10-25,10.0
148,308,Vamps,2012,5.2,/title/tt1545106/,16000000.0,92748.0,-15907252.0,2012-11-02,11.0
149,310,The Possession (I),2012,5.9,/title/tt0431021/,14000000.0,85446075.0,71446075.0,2012-08-31,8.0
150,311,Resident Evil: Retribution,2012,5.3,/title/tt1855325/,65000000.0,240159255.0,175159255.0,2012-09-14,9.0
151,312,Bait (III),2012,5.2,/title/tt1438173/,20400000.0,33492566.0,13092566.0,2012-09-20,9.0
152,313,Hotel Transylvania,2012,7.0,/title/tt0837562/,85000000.0,358375603.0,273375603.0,2012-09-28,9.0
153,314,No One Lives,2012,5.9,/title/tt1763264/,2900000.0,1048704.0,-1851296.0,2013-05-10,5.0
154,315,Byzantium,2012,6.5,/title/tt1531901/,9680000.0,828284.0,-8851716.0,2013-05-31,5.0
155,316,The Lords of Salem,2012,5.2,/title/tt1731697/,1500000.0,1544989.0,44989.0,2013-04-18,4.0
156,317,Aftershock,2012,4.8,/title/tt1780762/,2000000.0,294696.0,-1705304.0,2014-06-12,6.0
157,320,Frankenweenie,2012,6.9,/title/tt1142977/,39000000.0,84247681.0,45247681.0,2012-10-05,10.0
158,321,House at the End of the Street,2012,5.5,/title/tt1582507/,10000000.0,44287131.0,34287131.0,2012-09-21,9.0
159,322,The Collection (II),2012,6.1,/title/tt1748227/,7500000.0,9929706.0,2429706.0,2012-11-30,11.0
160,326,Grave Encounters 2,2012,5.1,/title/tt2231554/,1400000.0,1552486.0,152486.0,2012-10-02,10.0
161,327,Gallowwalkers,2012,3.6,/title/tt0829176/,17000000.0,141696.0,-16858304.0,2014-03-15,3.0
162,331,Paranormal Activity 4,2012,4.6,/title/tt2109184/,5000000.0,142802657.0,137802657.0,2012-10-19,10.0
163,333,Silent Hill: Revelation,2012,4.9,/title/tt0938330/,20000000.0,55362705.0,35362705.0,2012-10-26,10.0
164,335,Silent Night (I),2012,5.2,/title/tt2347497/,5000000.0,130781.0,-4869219.0,2012-12-04,12.0
165,336,Apartment 1303 3D,2012,2.5,/title/tt1540767/,5000000.0,3377891.0,-1622109.0,2013-07-25,7.0
166,337,Texas Chainsaw,2013,4.8,/title/tt1572315/,20000000.0,47340586.0,27340586.0,2013-01-04,1.0
167,338,A Haunted House,2013,5.0,/title/tt2243537/,2500000.0,60159584.0,57659584.0,2013-01-11,1.0
168,339,Warm Bodies,2013,6.8,/title/tt1588173/,35000000.0,116980662.0,81980662.0,2013-02-01,2.0
169,340,Hansel & Gretel: Witch Hunters,2013,6.1,/title/tt1428538/,50000000.0,226349749.0,176349749.0,2013-01-25,1.0
170,341,Mama (I),2013,6.2,/title/tt2023587/,15000000.0,146428180.0,131428180.0,2013-01-18,1.0
171,351,The Haunting in Connecticut 2: Ghosts of Georgia,2013,5.3,/title/tt1457765/,9000000.0,5127434.0,-3872566.0,2013-02-01,2.0
172,353,Dark Skies,2013,6.3,/title/tt2387433/,3500000.0,27858103.0,24358103.0,2013-02-22,2.0
173,355,The Last Exorcism Part II,2013,4.0,/title/tt2034139/,5000000.0,25051865.0,20051865.0,2013-03-01,3.0
174,356,Evil Dead,2013,6.5,/title/tt1288558/,17000000.0,97542952.0,80542952.0,2013-04-05,4.0
175,357,Cheap Thrills (I),2013,6.7,/title/tt2389182/,200000.0,59424.0,-140576.0,2014-03-21,3.0
176,361,The Call (II),2013,6.7,/title/tt1911644/,13000000.0,68572631.0,55572631.0,2013-03-15,3.0
177,362,The Last Days,2013,6.1,/title/tt1935914/,5200000.0,4343816.0,-856184.0,2013-03-27,3.0
178,363,Pee Mak,2013,7.2,/title/tt2776344/,1813500.0,20896252.0,19082752.0,2013-03-28,3.0
179,364,Odd Thomas,2013,6.8,/title/tt1767354/,27000000.0,1149267.0,-25850733.0,2014-02-28,2.0
180,365,Scary Movie V,2013,3.5,/title/tt0795461/,20000000.0,78378744.0,58378744.0,2013-04-12,4.0
181,370,The Purge (I),2013,5.7,/title/tt2184339/,3000000.0,89328627.0,86328627.0,2013-06-07,6.0
182,372,Borgman,2013,6.7,/title/tt1954315/,3224000.0,1052010.0,-2171990.0,2013-08-29,8.0
183,373,The Last Days on Mars,2013,5.5,/title/tt1709143/,8470000.0,187191.0,-8282809.0,2013-09-19,9.0
184,374,Only Lovers Left Alive,2013,7.2,/title/tt1714915/,7000000.0,7609187.0,609187.0,2013-12-25,12.0
185,376,World War Z,2013,7.0,/title/tt0816711/,190000000.0,540455876.0,350455876.0,2013-06-21,6.0
186,377,The Conjuring,2013,7.5,/title/tt1457767/,20000000.0,320406242.0,300406242.0,2013-07-19,7.0
187,379,The House at the End of Time,2013,6.7,/title/tt2640474/,300000.0,4588899.0,4288899.0,2013-06-21,6.0
188,383,The Mortal Instruments: City of Bones,2013,5.8,/title/tt1538403/,60000000.0,95396573.0,35396573.0,2013-08-21,8.0
189,388,Under the Skin (I),2013,6.3,/title/tt1441395/,13300000.0,5866389.0,-7433611.0,2014-03-14,3.0
190,389,Wolf Creek 2,2013,6.1,/title/tt2004432/,7200000.0,4383978.0,-2816022.0,2014-04-17,4.0
191,390,Rigor Mortis,2013,6.3,/title/tt2771800/,1920000.0,3018374.0,1098374.0,2014-06-06,6.0
192,391,The Sacrament,2013,6.1,/title/tt2383068/,4000000.0,9221.0,-3990779.0,2014-05-01,5.0
193,394,Oculus,2013,6.5,/title/tt2388715/,5000000.0,44459951.0,39459951.0,2014-04-11,4.0
194,395,The Green Inferno,2013,5.3,/title/tt2403021/,5000000.0,12666449.0,7666449.0,2015-09-25,9.0
195,397,Insidious: Chapter 2,2013,6.5,/title/tt2226417/,5000000.0,161919318.0,156919318.0,2013-09-13,9.0
196,400,Nothing Left to Fear,2013,4.4,/title/tt1662293/,3000000.0,1675381.0,-1324619.0,2013-09-26,9.0
197,401,Nurse,2013,4.5,/title/tt1913166/,10000000.0,706617.0,-9293383.0,2013-10-24,10.0
198,402,Carrie,2013,5.8,/title/tt1939659/,30000000.0,84790678.0,54790678.0,2013-10-18,10.0
199,404,Gallows Hill,2013,5.2,/title/tt2387408/,2500000.0,1498262.0,-1001738.0,2014-08-29,8.0
200,405,The Returned,2013,5.9,/title/tt2093270/,5000000.0,612521.0,-4387479.0,2013-11-15,11.0
201,407,Wer,2013,5.9,/title/tt2229511/,2500000.0,860940.0,-1639060.0,2014-08-19,8.0
202,408,The Den,2013,6.0,/title/tt2503154/,500000.0,410129.0,-89871.0,2014-03-14,3.0
203,409,Paranormal Activity: The Marked Ones,2014,5.0,/title/tt2473682/,5000000.0,90894962.0,85894962.0,2014-01-03,1.0
204,410,Devil's Due,2014,4.1,/title/tt2752758/,7000000.0,36921560.0,29921560.0,2014-01-17,1.0
205,411,The Babadook,2014,6.8,/title/tt2321549/,2000000.0,10484459.0,8484459.0,2014-11-28,11.0
206,415,Life After Beth,2014,5.6,/title/tt2581244/,2400000.0,274717.0,-2125283.0,2014-07-15,7.0
207,416,Dead Snow 2: Red vs. Dead,2014,6.8,/title/tt2832470/,3500000.0,1187477.0,-2312523.0,2014-10-07,10.0
208,417,What We Do in the Shadows,2014,7.6,/title/tt3416742/,1600000.0,7412611.0,5812611.0,2015-02-13,2.0
209,420,Vampire Academy,2014,5.4,/title/tt1686821/,30000000.0,15642346.0,-14357654.0,2014-02-07,2.0
210,422,13 Sins,2014,6.3,/title/tt2059171/,4000000.0,826913.0,-3173087.0,2014-04-11,4.0
211,423,Honeymoon,2014,5.7,/title/tt3177316/,1000000.0,24343.0,-975657.0,2014-09-12,9.0
212,428,Housebound,2014,6.7,/title/tt3504048/,220500.0,241347.0,20847.0,2014-09-04,9.0
213,429,The Quiet Ones,2014,5.1,/title/tt2235779/,200000.0,17835162.0,17635162.0,2014-04-25,4.0
214,435,A Haunted House 2,2014,4.6,/title/tt2828996/,4000000.0,25358716.0,21358716.0,2014-04-18,4.0
215,436,Extraterrestrial,2014,5.0,/title/tt2960930/,3000000.0,71103.0,-2928897.0,2014-10-17,10.0
216,440,It Follows,2014,6.8,/title/tt3235888/,1000000.0,21947454.0,20947454.0,2015-03-13,3.0
217,444,Deliver Us from Evil (I),2014,6.2,/title/tt2377322/,30000000.0,87937815.0,57937815.0,2014-07-02,7.0
218,446,The Purge: Anarchy,2014,6.4,/title/tt2975578/,9000000.0,111928365.0,102928365.0,2014-07-18,7.0
219,447,Unfriended,2014,5.6,/title/tt3713166/,1000000.0,62882090.0,61882090.0,2015-04-17,4.0
220,448,Kristy,2014,5.9,/title/tt2027136/,6900000.0,616506.0,-6283494.0,2015-11-05,11.0
221,450,The Blue Elephant,2014,8.0,/title/tt3461252/,3500000.0,695436.0,-2804564.0,2014-07-28,7.0
222,453,"  As Above, So Below",2014,6.2,/title/tt2870612/,5000000.0,41898409.0,36898409.0,2014-08-29,8.0
223,458,Wolves,2014,5.3,/title/tt1403241/,18000000.0,491154.0,-17508846.0,2014-08-28,8.0
224,463,Tusk (I),2014,5.3,/title/tt3099498/,3000000.0,1882074.0,-1117926.0,2014-09-19,9.0
225,465,[REC] 4: Apocalypse,2014,5.3,/title/tt1649443/,3120000.0,4915757.0,1795757.0,2014-10-31,10.0
226,466,No Good Deed (I),2014,5.6,/title/tt2011159/,13200000.0,54323210.0,41123210.0,2014-09-12,9.0
227,474,Annabelle (I),2014,5.4,/title/tt3322940/,6500000.0,257589721.0,251089721.0,2014-10-03,10.0
228,475,Dracula Untold,2014,6.2,/title/tt0829150/,70000000.0,217124280.0,147124280.0,2014-10-10,10.0
229,483,The Taking of Deborah Logan,2014,6.0,/title/tt3387648/,1500000.0,407782.0,-1092218.0,2014-10-21,10.0
230,484,Fear Clinic,2014,4.7,/title/tt2165765/,1000000.0,106974.0,-893026.0,2015-07-09,7.0
231,485,Ouija (II),2014,4.5,/title/tt1204977/,5000000.0,103687316.0,98687316.0,2014-10-24,10.0
232,488,Clown,2014,5.7,/title/tt1780798/,1500000.0,4381603.0,2881603.0,2016-06-17,6.0
233,489,The Pyramid,2014,4.6,/title/tt2799166/,6500000.0,16861137.0,10361137.0,2014-12-05,12.0
234,491,The Woman in Black 2: Angel of Death,2014,4.8,/title/tt2339741/,15000000.0,48854305.0,33854305.0,2015-01-02,1.0
235,492,The Atticus Institute,2015,5.5,/title/tt3280916/,1000000.0,32521.0,-967479.0,2015-01-05,1.0
236,495,Knock Knock (I),2015,4.9,/title/tt3605418/,2500000.0,5567103.0,3067103.0,2015-10-09,10.0
237,496,The VVitch: A New-England Folktale,2015,6.9,/title/tt4263482/,4000000.0,40423945.0,36423945.0,2016-02-19,2.0
238,497,Ratter,2015,5.1,/title/tt3836512/,500000.0,21214.0,-478786.0,2016-02-12,2.0
239,500,Turbo Kid,2015,6.7,/title/tt3672742/,45000.0,67069.0,22069.0,2015-08-28,8.0
240,504,Demonic,2015,5.3,/title/tt1841642/,3000000.0,4476578.0,1476578.0,2017-10-10,10.0
241,505,The Lazarus Effect,2015,5.2,/title/tt2918436/,3300000.0,38356892.0,35056892.0,2015-02-27,2.0
242,516,Stung (I),2015,5.1,/title/tt3300572/,2500000.0,71085.0,-2428915.0,2015-10-29,10.0
243,520,Tale of Tales,2015,6.4,/title/tt3278330/,12480000.0,5500277.0,-6979723.0,2016-04-22,4.0
244,521,Area 51,2015,4.2,/title/tt1519461/,5000000.0,7556.0,-4992444.0,2015-05-15,5.0
245,522,Green Room,2015,7.0,/title/tt4062536/,5000000.0,3769214.0,-1230786.0,2016-05-13,5.0
246,523,Poltergeist,2015,4.9,/title/tt1029360/,35000000.0,95437994.0,60437994.0,2015-05-22,5.0
247,526,Insidious: Chapter 3,2015,6.1,/title/tt3195644/,10000000.0,112983889.0,102983889.0,2015-06-05,6.0
248,530,Final Girl,2015,4.7,/title/tt2124787/,8000000.0,33411.0,-7966589.0,2015-08-14,8.0
249,531,The Gallows,2015,4.2,/title/tt2309260/,100000.0,42964410.0,42864410.0,2015-07-10,7.0
250,537,Extinction,2015,5.8,/title/tt3467412/,7280000.0,2350695.0,-4929305.0,2015-07-31,7.0
251,539,The Vatican Tapes,2015,4.8,/title/tt1524575/,8000000.0,13015764.0,5015764.0,2015-07-22,7.0
252,540,Potato Salad,2015,1.3,/title/tt4404474/,1040000.0,3020134.0,1980134.0,2015-07-23,7.0
253,543,Howl (I),2015,5.4,/title/tt2393827/,1936000.0,477656.0,-1458344.0,2015-10-16,10.0
254,544,Sinister 2,2015,5.3,/title/tt2752772/,10000000.0,53329150.0,43329150.0,2015-08-21,8.0
255,546,The Visit (I),2015,6.2,/title/tt3567288/,5000000.0,98450062.0,93450062.0,2015-09-11,9.0
256,558,Regression (I),2015,5.6,/title/tt3319920/,20000000.0,17671101.0,-2328899.0,2015-10-02,10.0
257,560,Hotel Transylvania 2,2015,6.6,/title/tt2510894/,80000000.0,475186706.0,395186706.0,2015-09-25,9.0
258,561,Crimson Peak,2015,6.5,/title/tt2554274/,55000000.0,74679822.0,19679822.0,2015-10-16,10.0
259,562,Bone Tomahawk,2015,7.1,/title/tt2494362/,1800000.0,382579.0,-1417421.0,2016-02-19,2.0
260,564,Goosebumps,2015,6.3,/title/tt1051904/,58000000.0,158261424.0,100261424.0,2015-10-16,10.0
261,565,Martyrs,2015,4.0,/title/tt1663655/,1000000.0,397072.0,-602928.0,2016-01-22,1.0
262,568,Paranormal Activity: The Ghost Dimension,2015,4.6,/title/tt2473510/,10000000.0,78903124.0,68903124.0,2015-10-23,10.0
263,569,Scouts Guide to the Zombie Apocalypse,2015,6.3,/title/tt1727776/,15000000.0,16137046.0,1137046.0,2015-10-30,10.0
264,572,Victor Frankenstein,2015,5.9,/title/tt1976009/,65000000.0,34227298.0,-30772702.0,2015-11-25,11.0
265,573,Krampus (I),2015,6.2,/title/tt3850590/,15000000.0,61548707.0,46548707.0,2015-12-04,12.0
266,575,Friend Request,2016,5.2,/title/tt3352390/,9900000.0,10975390.0,1075390.0,2017-09-22,9.0
267,576,The Forest (I),2016,4.8,/title/tt3387542/,10000000.0,39712000.0,29712000.0,2016-01-08,1.0
268,578,The Boy,2016,6.0,/title/tt3882082/,10000000.0,73929392.0,63929392.0,2016-01-22,1.0
269,579,Pride and Prejudice and Zombies,2016,5.8,/title/tt1374989/,28000000.0,16457494.0,-11542506.0,2016-02-05,2.0
270,584,31,2016,5.1,/title/tt3835080/,1500000.0,850419.0,-649581.0,2016-09-16,9.0
271,585,Yoga Hosers,2016,4.2,/title/tt3838992/,5000000.0,36585.0,-4963415.0,2016-09-02,9.0
272,591,10 Cloverfield Lane,2016,7.2,/title/tt1179933/,15000000.0,110216998.0,95216998.0,2016-03-11,3.0
273,593,Don't Breathe,2016,7.1,/title/tt4160708/,9900000.0,157761002.0,147861002.0,2016-08-26,8.0
274,596,I Am Not a Serial Killer,2016,6.2,/title/tt4303340/,1304648.8,21148.0,-1283500.8,2016-08-26,8.0
275,597,Meet the Blacks,2016,4.8,/title/tt4191580/,900000.0,9097072.0,8197072.0,2016-04-01,4.0
276,603,Daylight's End,2016,5.4,/title/tt3007132/,2000000.0,11257.0,-1988743.0,2016-09-23,9.0
277,605,The Wailing,2016,7.4,/title/tt5215952/,6420000.0,49851770.0,43431770.0,2016-06-03,6.0
278,606,The Darkness (I),2016,4.5,/title/tt1878841/,4000000.0,10898293.0,6898293.0,2016-05-13,5.0
279,608,The Conjuring 2,2016,7.3,/title/tt3065204/,40000000.0,321834351.0,281834351.0,2016-06-10,6.0
280,609,Train to Busan,2016,7.6,/title/tt5700672/,7500000.0,92764199.0,85264199.0,2016-07-20,7.0
281,610,Raw,2016,7.0,/title/tt4954522/,3640000.0,3096815.0,-543185.0,2017-03-15,3.0
282,613,The Neon Demon,2016,6.1,/title/tt1974419/,7000000.0,3073700.0,-3926300.0,2016-06-24,6.0
283,615,Lights Out (II),2016,6.3,/title/tt4786282/,4900000.0,148868835.0,143968835.0,2016-07-22,7.0
284,616,The Shallows,2016,6.3,/title/tt4052882/,17000000.0,119100758.0,102100758.0,2016-06-24,6.0
285,617,The Purge: Election Year,2016,6.0,/title/tt4094724/,10000000.0,118587880.0,108587880.0,2016-07-01,7.0
286,623,The Girl with All the Gifts,2016,6.6,/title/tt4547056/,4840000.0,4086096.0,-753904.0,2017-01-26,1.0
287,624,Killing Ground,2016,5.8,/title/tt4728386/,884000.0000000001,80051.0,-803949.0000000001,2017-07-21,7.0
288,625,The Neighbor (II),2016,5.8,/title/tt3330764/,1500000.0,164348.0,-1335652.0,2016-09-16,9.0
289,629,Morgan,2016,5.8,/title/tt4520364/,8000000.0,8809407.0,809407.0,2016-09-02,9.0
290,630,Prevenge,2016,6.0,/title/tt5154288/,96800.0,103885.0,7085.0,2017-03-24,3.0
291,631,The Bad Batch,2016,5.2,/title/tt4334266/,6000000.0,201890.0,-5798110.0,2017-06-23,6.0
292,632,The Disappointments Room,2016,3.9,/title/tt2364897/,15000000.0,5745040.0,-9254960.0,2016-09-09,9.0
293,634,The Belko Experiment,2016,6.1,/title/tt1082807/,5000000.0,11084630.0,6084630.0,2017-03-17,3.0
294,636,Blair Witch,2016,5.0,/title/tt1540011/,5000000.0,45173154.0,40173154.0,2016-09-16,9.0
295,642,Split (IX),2016,7.3,/title/tt4972582/,9000000.0,278454417.0,269454417.0,2017-01-20,1.0
296,643,The Monster,2016,5.4,/title/tt3976144/,2700000.0,74700.0,-2625300.0,2016-10-06,10.0
297,647,Strangled,2016,7.0,/title/tt4975280/,1785650.0,208999.0,-1576651.0,2016-11-10,11.0
298,650,Ouija: Origin of Evil,2016,6.2,/title/tt4361050/,9000000.0,81705746.0,72705746.0,2016-10-21,10.0
299,651,Boo! A Madea Halloween,2016,4.6,/title/tt5325452/,20000000.0,74827344.0,54827344.0,2016-10-21,10.0
300,653,Shut In (I),2016,4.8,/title/tt2582500/,10000000.0,13082071.0,3082071.0,2016-11-11,11.0
301,654,Underworld: Blood Wars,2016,5.7,/title/tt3717252/,35000000.0,81093313.0,46093313.0,2017-01-06,1.0
302,655,Incarnate,2016,5.2,/title/tt3216348/,5000000.0,9037058.0,4037058.0,2016-12-02,12.0
303,656,A Cure for Wellness,2016,6.4,/title/tt4731136/,40000000.0,26620002.0,-13379998.0,2017-02-17,2.0
304,657,Resident Evil: The Final Chapter,2016,5.5,/title/tt2592614/,40000000.0,312242626.0,272242626.0,2017-01-27,1.0
305,658,The Bye Bye Man,2017,4.3,/title/tt4030600/,7400000.0,29874280.0,22474280.0,2017-01-13,1.0
306,663,Get Out (I),2017,7.7,/title/tt5052448/,4500000.0,255745157.0,251245157.0,2017-02-24,2.0
307,665,Rings,2017,4.5,/title/tt0498381/,25000000.0,83080890.0,58080890.0,2017-02-03,2.0
308,666,November,2017,7.2,/title/tt6164502/,1508000.0,19084.0,-1488916.0,2018-02-23,2.0
309,667,The Bar,2017,6.3,/title/tt5121816/,5339617.92,3662671.0,-1676946.92,2017-03-24,3.0
310,671,Life (I),2017,6.6,/title/tt5442430/,58000000.0,100541806.0,42541806.0,2017-03-24,3.0
311,674,Phoenix Forgotten,2017,5.3,/title/tt6574272/,2800000.0,3697729.0,897729.0,2017-04-21,4.0
312,677,It Comes at Night,2017,6.2,/title/tt4695012/,5000000.0,19735344.0,14735344.0,2017-06-09,6.0
313,678,Alien: Covenant,2017,6.4,/title/tt2316204/,97000000.0,240891763.0,143891763.0,2017-05-19,5.0
314,680,The Mummy,2017,5.4,/title/tt2345759/,125000000.0,409231607.0,284231607.0,2017-06-09,6.0
315,682,47 Meters Down,2017,5.6,/title/tt2932536/,5300000.0,62198461.0,56898461.0,2017-06-16,6.0
316,687,Annabelle: Creation,2017,6.5,/title/tt5140878/,15000000.0,306515884.0,291515884.0,2017-08-11,8.0
317,692,Hostile (I),2017,5.4,/title/tt5085522/,1000000.0,385428.0,-614572.0,2018-09-07,9.0
318,693,Wish Upon,2017,5.0,/title/tt5322012/,12000000.0,23468586.0,11468586.0,2017-07-14,7.0
319,697,Thelma,2017,7.0,/title/tt6304046/,4750000.0,1463727.0,-3286273.0,2017-09-15,9.0
320,703,The Vault (I),2017,4.8,/title/tt1785635/,5000000.0,346729.0,-4653271.0,2017-09-01,9.0
321,706,It (I),2017,7.3,/title/tt1396484/,35000000.0,701842551.0,666842551.0,2017-09-08,9.0
322,707,Mother!,2017,6.6,/title/tt5109784/,30000000.0,44516999.0,14516999.0,2017-09-15,9.0
323,708,Ravenous,2017,5.8,/title/tt6243140/,2775000.0,41026.0,-2733974.0,2018-03-02,3.0
324,712,Mom and Dad,2017,5.5,/title/tt5462326/,7000000.0,165962.0,-6834038.0,2018-03-09,3.0
325,713,Cold Skin,2017,6.0,/title/tt1034385/,8840000.0,737478.0,-8102522.0,2018-09-07,9.0
326,715,Revenge (II),2017,6.4,/title/tt6738136/,3000000.0,938055.0,-2061945.0,2018-05-11,5.0
327,717,Marrowbone,2017,6.7,/title/tt5886440/,8320000.0,12294931.0,3974931.0,2018-04-13,4.0
328,719,Satan's Slaves,2017,6.5,/title/tt7076834/,127779.612,431730.0,303950.388,2017-09-28,9.0
329,725,Tigers Are Not Afraid,2017,6.9,/title/tt4823434/,1343664.0,576598.0,-767066.0,2019-12-03,12.0
330,726,Flatliners,2017,5.2,/title/tt2039338/,19000000.0,45158254.0,26158254.0,2017-09-29,9.0
331,727,Jeepers Creepers III,2017,3.9,/title/tt1139592/,6200000.0,4017852.0,-2182148.0,2017-11-02,11.0
332,731,Happy Death Day,2017,6.6,/title/tt5308322/,4800000.0,125479266.0,120679266.0,2017-10-13,10.0
333,735,The Super,2017,5.5,/title/tt5884784/,2300000.0,19513.0,-2280487.0,2018-10-19,10.0
334,737,Jigsaw (I),2017,5.7,/title/tt3348730/,10000000.0,102952888.0,92952888.0,2017-10-27,10.0
335,739,One Cut of the Dead,2017,7.6,/title/tt7914416/,0.0,27590180.0,27590180.0,2019-09-24,9.0
336,741,Day of the Dead: Bloodline,2017,3.4,/title/tt3053228/,8000000.0,277922.0,-7722078.0,2018-01-05,1.0
337,742,Insidious: The Last Key,2018,5.7,/title/tt5726086/,10000000.0,167885588.0,157885588.0,2018-01-05,1.0
338,745,The Night Eats the World,2018,6.0,/title/tt4266076/,3109600.0,95208.0,-3014392.0,2018-07-13,7.0
339,747,Mandy (I),2018,6.5,/title/tt6998518/,6000000.0,1653784.0,-4346216.0,2018-09-14,9.0
340,750,Assassination Nation,2018,6.0,/title/tt6205872/,7000000.0,2584988.0,-4415012.0,2018-09-21,9.0
341,751,Searching (III),2018,7.6,/title/tt7668870/,880000.0,75462037.0,74582037.0,2018-08-31,8.0
342,752,Hereditary,2018,7.3,/title/tt7784604/,10000000.0,82530552.0,72530552.0,2018-06-08,6.0
343,755,Winchester,2018,5.4,/title/tt1072748/,3500000.0,44019588.0,40519588.0,2018-02-02,2.0
344,759,Annihilation (I),2018,6.8,/title/tt2798920/,40000000.0,43070915.0,3070915.0,2018-02-23,2.0
345,760,Unsane,2018,6.4,/title/tt7153766/,1500000.0,14293601.0,12793601.0,2018-03-23,3.0
346,762,The Strangers: Prey at Night,2018,5.2,/title/tt1285009/,5000000.0,31039126.0,26039126.0,2018-03-09,3.0
347,763,Unfriended: Dark Web,2018,6.0,/title/tt4761916/,1000000.0,16024987.0,15024987.0,2018-07-20,7.0
348,764,A Quiet Place,2018,7.5,/title/tt6644200/,17000000.0,340952971.0,323952971.0,2018-04-06,4.0
349,768,Blood Fest,2018,5.4,/title/tt7208564/,1200000.0,122833.0,-1077167.0,2018-08-31,8.0
350,769,Pacific Rim: Uprising,2018,5.6,/title/tt2557478/,150000000.0,290930148.0,140930148.0,2018-03-23,3.0
351,770,Acrimony,2018,5.8,/title/tt6063050/,20000000.0,46403669.0,26403669.0,2018-03-30,3.0
352,774,Truth or Dare (I),2018,5.2,/title/tt6772950/,3500000.0,95330710.0,91830710.0,2018-04-13,4.0
353,778,Climax (I),2018,6.9,/title/tt8359848/,2704000.0,1697108.0,-1006892.0,2018-09-19,9.0
354,779,The House That Jack Built,2018,6.8,/title/tt4003440/,9048000.0,3081913.0,-5966087.0,2018-10-17,10.0
355,780,Hotel Transylvania 3: Summer Vacation,2018,6.3,/title/tt5220122/,80000000.0,528583774.0,448583774.0,2018-07-13,7.0
356,781,Office Uprising,2018,5.8,/title/tt6251024/,2500000.0,165623.0,-2334377.0,2018-06-19,6.0
357,784,The Domestics,2018,5.7,/title/tt5591666/,10600000.0,59766.0,-10540234.0,2018-06-29,6.0
358,785,The First Purge,2018,5.2,/title/tt6133466/,13000000.0,137056262.0,124056262.0,2018-07-04,7.0
359,790,The Meg,2018,5.6,/title/tt4779682/,130000000.0,530517320.0,400517320.0,2018-08-10,8.0
360,791,Slender Man,2018,3.2,/title/tt5690360/,10000000.0,51738549.0,41738549.0,2018-08-10,8.0
361,793,Mara (I),2018,5.1,/title/tt1773753/,5000000.0,661769.0,-4338231.0,2018-09-07,9.0
362,799,Suspiria (I),2018,6.7,/title/tt1034415/,20000000.0,7942093.0,-12057907.0,2018-11-02,11.0
363,800,The Nun,2018,5.3,/title/tt5814060/,22000000.0,365582797.0,343582797.0,2018-09-07,9.0
364,802,Gwen (II),2018,6.0,/title/tt5149490/,2420000.0,47140.0,-2372860.0,2019-08-16,8.0
365,803,Halloween (I),2018,6.5,/title/tt1502407/,10000000.0,259939835.0,249939835.0,2018-10-19,10.0
366,804,High Life,2018,5.8,/title/tt4827558/,8320000.0,2133033.0,-6186967.0,2019-04-12,4.0
367,812,Overlord,2018,6.6,/title/tt4530422/,38000000.0,41657844.0,3657844.0,2018-11-09,11.0
368,815,Hell Fest,2018,5.5,/title/tt1999890/,5500000.0,18160930.0,12660930.0,2018-09-28,9.0
369,821,The Head Hunter,2018,5.4,/title/tt6469548/,30000.0,380448.0,350448.0,2019-04-05,4.0
370,824,Goosebumps 2: Haunted Halloween,2018,5.6,/title/tt5664636/,35000000.0,93320380.0,58320380.0,2018-10-12,10.0
371,829,The Possession of Hannah Grace,2018,5.2,/title/tt5734576/,7700000.0,43016528.0,35316528.0,2018-11-30,11.0
372,831,Escape Room (I),2019,6.4,/title/tt5886046/,9000000.0,155712077.0,146712077.0,2019-01-04,1.0
373,832,Glass,2019,6.6,/title/tt6823368/,20000000.0,246999039.0,226999039.0,2019-01-18,1.0
374,838,Don't Let Go,2019,6.3,/title/tt6803212/,5000000.0,5288011.0,288011.0,2019-08-30,8.0
375,842,The Prodigy,2019,5.9,/title/tt4504044/,6000000.0,21127789.0,15127789.0,2019-02-08,2.0
376,843,Happy Death Day 2U,2019,6.2,/title/tt8155288/,9000000.0,64600152.0,55600152.0,2019-02-13,2.0
377,845,Us (II),2019,6.8,/title/tt6857112/,20000000.0,256067149.0,236067149.0,2019-03-22,3.0
378,851,I See You (II),2019,6.8,/title/tt6079516/,3000000.0,1194369.0,-1805631.0,2019-12-10,12.0
379,852,Ready or Not (I),2019,6.8,/title/tt7798634/,6000000.0,57615777.0,51615777.0,2019-08-21,8.0
380,853,The Curse of La Llorona,2019,5.2,/title/tt4913966/,9000000.0,123133739.0,114133739.0,2019-04-19,4.0
381,854,Captive State,2019,6.0,/title/tt5968394/,25000000.0,8808611.0,-16191389.0,2019-03-15,3.0
382,855,Pet Sematary,2019,5.7,/title/tt0837563/,21000000.0,113118226.0,92118226.0,2019-04-05,4.0
383,857,Hellboy,2019,5.2,/title/tt2274648/,50000000.0,55065289.0,5065289.0,2019-04-12,4.0
384,860,The Room,2019,6.0,/title/tt8485364/,4160000.0,44291.0,-4115709.0,2019-11-06,11.0
385,864,The Intruder (I),2019,5.6,/title/tt6722030/,8000000.0,36599361.0,28599361.0,2019-05-03,5.0
386,865,Brightburn,2019,6.1,/title/tt7752126/,6000000.0,33224654.0,27224654.0,2019-05-24,5.0
387,871,The Lighthouse (I),2019,7.4,/title/tt7984734/,11000000.0,18150235.0,7150235.0,2019-11-01,11.0
388,873,Ma (I),2019,5.6,/title/tt7958736/,5000000.0,61220856.0,56220856.0,2019-05-31,5.0
389,875,Annabelle Comes Home,2019,5.9,/title/tt8350360/,30000000.0,231252591.0,201252591.0,2019-06-26,6.0
390,876,Child's Play,2019,5.7,/title/tt8663516/,10000000.0,44907074.0,34907074.0,2019-06-21,6.0
391,877,Midsommar,2019,7.1,/title/tt8772262/,9000000.0,47968908.0,38968908.0,2019-07-03,7.0
392,878,Crawl (I),2019,6.1,/title/tt8364368/,13500000.0,91542097.0,78042097.0,2019-07-12,7.0
393,883,Scary Stories to Tell in the Dark,2019,6.2,/title/tt3387520/,25000000.0,104545505.0,79545505.0,2019-08-09,8.0
394,884,Haunt (I),2019,6.3,/title/tt6535880/,5000000.0,2243353.0,-2756647.0,2019-09-13,9.0
395,886,47 Meters Down: Uncaged,2019,5.0,/title/tt7329656/,12000000.0,47582563.0,35582563.0,2019-08-16,8.0
396,888,It Chapter Two,2019,6.5,/title/tt7349950/,79000000.0,473122525.0,394122525.0,2019-09-06,9.0
397,898,3 from Hell,2019,5.4,/title/tt8134742/,3000000.0,2295825.0,-704175.0,2019-09-16,9.0
398,906,Zombieland: Double Tap,2019,6.7,/title/tt1560220/,42000000.0,122810399.0,80810399.0,2019-10-18,10.0
399,907,The Addams Family,2019,5.8,/title/tt1620981/,24000000.0,204394183.0,180394183.0,2019-10-11,10.0
400,908,Mermaid Down,2019,5.2,/title/tt3584496/,85000.0,116466.0,31466.0,2019-10-15,10.0
401,911,Countdown (III),2019,5.4,/title/tt10039344/,6500000.0,48021766.0,41521766.0,2019-10-25,10.0
402,915,Doctor Sleep,2019,7.3,/title/tt5606664/,45000000.0,72381712.0,27381712.0,2019-11-08,11.0
403,916,Black Christmas,2019,3.5,/title/tt10481868/,5000000.0,18529730.0,13529730.0,2019-12-13,12.0
